download,upload,ping
16492940.020768173,11557777.967390466,9.161
21814107.014473148,14319808.287339028,8.756
22747378.916125715,17080189.872050766,8.278
